0,HIV/AIDS,t,,,,1,2005
1,ARI,t,,,,1,2005
2,Diarrhea,t,,,,1,2005
3,Malaria,t,,,,1,2005
4,Tuberculosis,t,1773.4064150000002,0.41,,1,2005
5,Diabetes,f,,,,1,2005
6,Hypertension,f,8447863.286,,,1,2005
7,Tobacco use,f,,,,1,2005
8,BCG,t,,,,1,2005
9,HepB3,t,,,14,1,2005
10,Measles,t,,,94,1,2005
11,Pol3,t,,,93,1,2005
12,DPT,t,,,93,1,2005
13,Hib3,t,,,93,1,2005
14,HIV/AIDS,t,,,,1,2006
15,ARI,t,,,,1,2006
16,Diarrhea,t,,,,1,2006
17,Malaria,t,,,,1,2006
18,Tuberculosis,t,1758.8433960000002,0.39,,1,2006
19,Diabetes,f,,,,1,2006
20,Hypertension,f,8435934.066,,,1,2006
21,Tobacco use,f,,,,1,2006
22,BCG,t,,,,1,2006
23,HepB3,t,,,14,1,2006
24,Measles,t,,,93,1,2006
25,Pol3,t,,,95,1,2006
26,DPT,t,,,95,1,2006
27,Hib3,t,,,95,1,2006
28,HIV/AIDS,t,,,,1,2007
29,ARI,t,,,,1,2007
30,Diarrhea,t,,,,1,2007
31,Malaria,t,,,,1,2007
32,Tuberculosis,t,1743.118325,0.39,,1,2007
33,Diabetes,f,,,,1,2007
34,Hypertension,f,8419590.4,,,1,2007
35,Tobacco use,f,9241816.025,,,1,2007
36,BCG,t,,,,1,2007
37,HepB3,t,,,14,1,2007
38,Measles,t,,,94,1,2007
39,Pol3,t,,,99,1,2007
40,DPT,t,,,94,1,2007
41,Hib3,t,,,93,1,2007
42,HIV/AIDS,t,,,,1,2008
43,ARI,t,,,,1,2008
44,Diarrhea,t,,,,1,2008
45,Malaria,t,,,,1,2008
46,Tuberculosis,t,1795.3443720000002,0.4,,1,2008
47,Diabetes,f,,,,1,2008
48,Hypertension,f,8378273.7360000005,,,1,2008
49,Tobacco use,f,,,,1,2008
50,BCG,t,,,,1,2008
51,HepB3,t,,,28,1,2008
52,Measles,t,,,93,1,2008
53,Pol3,t,,,96,1,2008
54,DPT,t,,,92,1,2008
55,Hib3,t,,,92,1,2008
56,HIV/AIDS,t,,,,1,2009
57,ARI,t,,,,1,2009
58,Diarrhea,t,,,,1,2009
59,Malaria,t,,,,1,2009
60,Tuberculosis,t,1782.331435,0.25,,1,2009
61,Diabetes,f,,,,1,2009
62,Hypertension,f,8373594.8549999995,,,1,2009
63,Tobacco use,f,,,,1,2009
64,BCG,t,,,,1,2009
65,HepB3,t,,,42,1,2009
66,Measles,t,,,91,1,2009
67,Pol3,t,,,93,1,2009
68,DPT,t,,,91,1,2009
69,Hib3,t,,,91,1,2009
70,HIV/AIDS,t,,,,1,2010
71,ARI,t,,,,1,2010
72,Diarrhea,t,,,,1,2010
73,Malaria,t,,,,1,2010
74,Tuberculosis,t,1564.2248939999997,0.27,,1,2010
75,Diabetes,f,,,,1,2010
76,Hypertension,f,8365202.694000001,,,1,2010
77,Tobacco use,f,8399207.583,,,1,2010
78,BCG,t,,,,1,2010
79,HepB3,t,,,56,1,2010
80,Measles,t,,,90,1,2010
81,Pol3,t,,,90,1,2010
82,DPT,t,,,89,1,2010
83,Hib3,t,,,90,1,2010
84,HIV/AIDS,t,,,,1,2011
85,ARI,t,,,,1,2011
86,Diarrhea,t,,,,1,2011
87,Malaria,t,,,,1,2011
88,Tuberculosis,t,1648.287744,0.29,,1,2011
89,Diabetes,f,2884503.552,,,1,2011
90,Hypertension,f,8344456.704,,,1,2011
91,Tobacco use,f,,,,1,2011
92,BCG,t,,,,1,2011
93,HepB3,t,,,70,1,2011
94,Measles,t,,,88,1,2011
95,Pol3,t,,,87,1,2011
96,DPT,t,,,87,1,2011
97,Hib3,t,,,89,1,2011
98,HIV/AIDS,t,,,,1,2012
99,ARI,t,,,,1,2012
100,Diarrhea,t,,,,1,2012
101,Malaria,t,,,,1,2012
102,Tuberculosis,t,1874.5679880000002,0.27,,1,2012
103,Diabetes,f,,,,1,2012
104,Hypertension,f,8331413.279999999,,,1,2012
105,Tobacco use,f,7845414.172,,,1,2012
106,BCG,t,,,,1,2012
107,HepB3,t,,,70,1,2012
108,Measles,t,,,89,1,2012
109,Pol3,t,,,91,1,2012
110,DPT,t,,,91,1,2012
111,Hib3,t,,,90,1,2012
112,HIV/AIDS,t,,,,1,2013
113,ARI,t,,,,1,2013
114,Diarrhea,t,,,,1,2013
115,Malaria,t,,,,1,2013
116,Tuberculosis,t,1859.3965620000001,0.3,,1,2013
117,Diabetes,f,,,,1,2013
118,Hypertension,f,8314660.097999999,,,1,2013
119,Tobacco use,f,,,,1,2013
120,BCG,t,,,,1,2013
121,HepB3,t,,,55,1,2013
122,Measles,t,,,90,1,2013
123,Pol3,t,,,91,1,2013
124,DPT,t,,,91,1,2013
125,Hib3,t,,,91,1,2013
126,HIV/AIDS,t,,,,1,2014
127,ARI,t,,,,1,2014
128,Diarrhea,t,,,,1,2014
129,Malaria,t,,,,1,2014
130,Tuberculosis,t,1807.309185,0.3,,1,2014
131,Diabetes,f,,,,1,2014
132,Hypertension,f,8292359.789999999,,,1,2014
133,Tobacco use,f,7335549.045,,,1,2014
134,BCG,t,,,,1,2014
135,HepB3,t,,,55,1,2014
136,Measles,t,,,90,1,2014
137,Pol3,t,,,91,1,2014
138,DPT,t,,,91,1,2014
139,Hib3,t,,,91,1,2014
140,HIV/AIDS,t,,,,1,2015
141,ARI,t,,,,1,2015
142,Diarrhea,t,,,,1,2015
143,Malaria,t,,,,1,2015
144,Tuberculosis,t,1856.551216,0.34,,1,2015
145,Diabetes,f,,,,1,2015
146,Hypertension,f,8247371.748000001,,,1,2015
147,Tobacco use,f,,,,1,2015
148,BCG,t,,,,1,2015
149,HepB3,t,,,69,1,2015
150,Measles,t,,,89,1,2015
151,Pol3,t,,,91,1,2015
152,DPT,t,,,91,1,2015
153,Hib3,t,,,91,1,2015
154,HIV/AIDS,t,,,,1,2016
155,ARI,t,,,,1,2016
156,Diarrhea,t,,,,1,2016
157,Malaria,t,,,,1,2016
158,Tuberculosis,t,1986.0217850000001,0.28,,1,2016
159,Diabetes,f,,,,1,2016
160,Hypertension,f,8269072.522999999,,,1,2016
161,Tobacco use,f,6896912.017,,,1,2016
162,BCG,t,,,,1,2016
163,HepB3,t,,,70,1,2016
164,Measles,t,,,89,1,2016
165,Pol3,t,,,91,1,2016
166,DPT,t,,,91,1,2016
167,Hib3,t,,,91,1,2016
168,HIV/AIDS,t,,,,1,2017
169,ARI,t,,,,1,2017
170,Diarrhea,t,,,,1,2017
171,Malaria,t,,,,1,2017
172,Tuberculosis,t,2046.5365199999999,0.28,,1,2017
173,Diabetes,f,,,,1,2017
174,Hypertension,f,8259236.67,,,1,2017
175,Tobacco use,f,,,,1,2017
176,BCG,t,,,,1,2017
177,HepB3,t,,,71,1,2017
178,Measles,t,,,90,1,2017
179,Pol3,t,,,91,1,2017
180,DPT,t,,,91,1,2017
181,Hib3,t,,,91,1,2017
182,HIV/AIDS,t,,,,1,2018
183,ARI,t,,,,1,2018
184,Diarrhea,t,,,,1,2018
185,Malaria,t,,,,1,2018
186,Tuberculosis,t,2075.649968,0.27,,1,2018
187,Diabetes,f,,,,1,2018
188,Hypertension,f,8302599.8719999995,,,1,2018
189,Tobacco use,f,6486406.149999999,,,1,2018
190,BCG,t,,,,1,2018
191,HepB3,t,,,71,1,2018
192,Measles,t,,,90,1,2018
193,Pol3,t,,,91,1,2018
194,DPT,t,,,91,1,2018
195,Hib3,t,,,91,1,2018
196,HIV/AIDS,t,,,,1,2019
197,ARI,t,,,,1,2019
198,Diarrhea,t,,,,1,2019
199,Malaria,t,,,,1,2019
200,Tuberculosis,t,2218.009656,0.21,,1,2019
201,Diabetes,f,,,,1,2019
202,Hypertension,f,8308137.864,,,1,2019
203,Tobacco use,f,,,,1,2019
204,BCG,t,,,,1,2019
205,HepB3,t,,,74,1,2019
206,Measles,t,,,90,1,2019
207,Pol3,t,,,91,1,2019
208,DPT,t,,,91,1,2019
209,Hib3,t,,,91,1,2019
210,HIV/AIDS,t,,,,2,2005
211,ARI,t,,,,2,2005
212,Diarrhea,t,,,,2,2005
213,Malaria,t,,,,2,2005
214,Tuberculosis,t,16253.412945,0.25,,2,2005
215,Diabetes,f,,,,2,2005
216,Hypertension,f,93678761.883,,,2,2005
217,Tobacco use,f,,,,2,2005
218,BCG,t,,,,2,2005
219,HepB3,t,,,93,2,2005
220,Measles,t,,,92,2,2005
221,Pol3,t,,,92,2,2005
222,DPT,t,,,96,2,2005
223,Hib3,t,,,94,2,2005
224,HIV/AIDS,t,,,,2,2006
225,ARI,t,,,,2,2006
226,Diarrhea,t,,,,2,2006
227,Malaria,t,,,,2,2006
228,Tuberculosis,t,15814.135336,0.24,,2,2006
229,Diabetes,f,,,,2,2006
230,Hypertension,f,94884812.016,,,2,2006
231,Tobacco use,f,,,,2,2006
232,BCG,t,,,,2,2006
233,HepB3,t,,,93,2,2006
234,Measles,t,,,92,2,2006
235,Pol3,t,,,93,2,2006
236,DPT,t,,,96,2,2006
237,Hib3,t,,,93,2,2006
238,HIV/AIDS,t,,,,2,2007
239,ARI,t,,,,2,2007
240,Diarrhea,t,,,,2,2007
241,Malaria,t,,,,2,2007
242,Tuberculosis,t,15362.791557,0.21,,2,2007
243,Diabetes,f,,,,2,2007
244,Hypertension,f,95791523.826,,,2,2007
245,Tobacco use,f,87658281.23700002,,,2,2007
246,BCG,t,,,,2,2007
247,HepB3,t,,,93,2,2007
248,Measles,t,,,92,2,2007
249,Pol3,t,,,93,2,2007
250,DPT,t,,,96,2,2007
251,Hib3,t,,,93,2,2007
252,HIV/AIDS,t,,,,2,2008
253,ARI,t,,,,2,2008
254,Diarrhea,t,,,,2,2008
255,Malaria,t,,,,2,2008
256,Tuberculosis,t,14900.604334000001,0.21,,2,2008
257,Diabetes,f,,,,2,2008
258,Hypertension,f,97005975.154,,,2,2008
259,Tobacco use,f,,,,2,2008
260,BCG,t,,,,2,2008
261,HepB3,t,,,94,2,2008
262,Measles,t,,,92,2,2008
263,Pol3,t,,,94,2,2008
264,DPT,t,,,96,2,2008
265,Hib3,t,,,91,2,2008
266,HIV/AIDS,t,,,,2,2009
267,ARI,t,,,,2,2009
268,Diarrhea,t,,,,2,2009
269,Malaria,t,,,,2,2009
270,Tuberculosis,t,13191.175747,0.19,,2,2009
271,Diabetes,f,,,,2,2009
272,Hypertension,f,97860117.751,,,2,2009
273,Tobacco use,f,,,,2,2009
274,BCG,t,,,,2,2009
275,HepB3,t,,,92,2,2009
276,Measles,t,,,90,2,2009
277,Pol3,t,,,93,2,2009
278,DPT,t,,,95,2,2009
279,Hib3,t,,,84,2,2009
280,HIV/AIDS,t,40212.52859,,,2,2010
281,ARI,t,,,,2,2010
282,Diarrhea,t,,,,2,2010
283,Malaria,t,,,,2,2010
284,Tuberculosis,t,12991.740006000002,0.2,,2,2010
285,Diabetes,f,,,,2,2010
286,Hypertension,f,98675358.617,,,2,2010
287,Tobacco use,f,86302272.89699998,,,2,2010
288,BCG,t,,,,2,2010
289,HepB3,t,,,92,2,2010
290,Measles,t,,,92,2,2010
291,Pol3,t,,,93,2,2010
292,DPT,t,,,95,2,2010
293,Hib3,t,,,90,2,2010
294,HIV/AIDS,t,40505.852530000004,,,2,2011
295,ARI,t,,,,2,2011
296,Diarrhea,t,,,,2,2011
297,Malaria,t,,,,2,2011
298,Tuberculosis,t,12151.755759,0.19,,2,2011
299,Diabetes,f,29288847.214,,,2,2011
300,Hypertension,f,99083546.958,,,2,2011
301,Tobacco use,f,,,,2,2011
302,BCG,t,,,,2,2011
303,HepB3,t,,,91,2,2011
304,Measles,t,,,92,2,2011
305,Pol3,t,,,94,2,2011
306,DPT,t,,,96,2,2011
307,Hib3,t,,,94,2,2011
308,HIV/AIDS,t,40804.09606,,,2,2012
309,ARI,t,,,,2,2012
310,Diarrhea,t,,,,2,2012
311,Malaria,t,,,,2,2012
312,Tuberculosis,t,11299.595832,0.17,,2,2012
313,Diabetes,f,,,,2,2012
314,Hypertension,f,99813096.516,,,2,2012
315,Tobacco use,f,85374724.06400001,,,2,2012
316,BCG,t,,,,2,2012
317,HepB3,t,,,90,2,2012
318,Measles,t,,,91,2,2012
319,Pol3,t,,,93,2,2012
320,DPT,t,,,94,2,2012
321,Hib3,t,,,93,2,2012
322,HIV/AIDS,t,37927.19364,,,2,2013
323,ARI,t,,,,2,2013
324,Diarrhea,t,,,,2,2013
325,Malaria,t,,,,2,2013
326,Tuberculosis,t,10429.978250999999,0.19,,2,2013
327,Diabetes,f,,,,2,2013
328,Hypertension,f,100191003.199,,,2,2013
329,Tobacco use,f,,,,2,2013
330,BCG,t,,,,2,2013
331,HepB3,t,,,91,2,2013
332,Measles,t,,,92,2,2013
333,Pol3,t,,,93,2,2013
334,DPT,t,,,94,2,2013
335,Hib3,t,,,93,2,2013
336,HIV/AIDS,t,38206.35948,,,2,2014
337,ARI,t,,,,2,2014
338,Diarrhea,t,,,,2,2014
339,Malaria,t,,,,2,2014
340,Tuberculosis,t,10188.362528,0.16,,2,2014
341,Diabetes,f,,,,2,2014
342,Hypertension,f,100928466.293,,,2,2014
343,Tobacco use,f,84053990.856,,,2,2014
344,BCG,t,,,,2,2014
345,HepB3,t,,,92,2,2014
346,Measles,t,,,92,2,2014
347,Pol3,t,,,93,2,2014
348,DPT,t,,,95,2,2014
349,Hib3,t,,,93,2,2014
350,HIV/AIDS,t,38488.67928,,,2,2015
351,ARI,t,,,,2,2015
352,Diarrhea,t,,,,2,2015
353,Malaria,t,,,,2,2015
354,Tuberculosis,t,10263.647808,0.16,,2,2015
355,Diabetes,f,,,,2,2015
356,Hypertension,f,101353522.104,,,2,2015
357,Tobacco use,f,,,,2,2015
358,BCG,t,,,,2,2015
359,HepB3,t,,,92,2,2015
360,Measles,t,,,92,2,2015
361,Pol3,t,,,93,2,2015
362,DPT,t,,,95,2,2015
363,Hib3,t,,,93,2,2015
364,HIV/AIDS,t,38768.6106,,,2,2016
365,ARI,t,,,,2,2016
366,Diarrhea,t,,,,2,2016
367,Malaria,t,,,,2,2016
368,Tuberculosis,t,10015.224405,0.17,,2,2016
369,Diabetes,f,,,,2,2016
370,Hypertension,f,102090674.58,,,2,2016
371,Tobacco use,f,83029441.035,,,2,2016
372,BCG,t,,,,2,2016
373,HepB3,t,,,93,2,2016
374,Measles,t,,,92,2,2016
375,Pol3,t,,,94,2,2016
376,DPT,t,,,95,2,2016
377,Hib3,t,,,93,2,2016
378,HIV/AIDS,t,39014.65536,,,2,2017
379,ARI,t,,,,2,2017
380,Diarrhea,t,,,,2,2017
381,Malaria,t,,,,2,2017
382,Tuberculosis,t,10078.785968,0.17,,2,2017
383,Diabetes,f,,,,2,2017
384,Hypertension,f,102738592.448,,,2,2017
385,Tobacco use,f,,,,2,2017
386,BCG,t,,,,2,2017
387,HepB3,t,,,93,2,2017
388,Measles,t,,,92,2,2017
389,Pol3,t,,,94,2,2017
390,DPT,t,,,95,2,2017
391,Hib3,t,,,93,2,2017
392,HIV/AIDS,t,35952.201890000004,,,2,2018
393,ARI,t,,,,2,2018
394,Diarrhea,t,,,,2,2018
395,Malaria,t,,,,2,2018
396,Tuberculosis,t,9805.14597,0.17,,2,2018
397,Diabetes,f,,,,2,2018
398,Hypertension,f,103280870.884,,,2,2018
399,Tobacco use,f,82036387.949,,,2,2018
400,BCG,t,,,,2,2018
401,HepB3,t,,,91,2,2018
402,Measles,t,,,92,2,2018
403,Pol3,t,,,93,2,2018
404,DPT,t,,,94,2,2018
405,Hib3,t,,,92,2,2018
406,HIV/AIDS,t,36116.29483,,,2,2019
407,ARI,t,,,,2,2019
408,Diarrhea,t,,,,2,2019
409,Malaria,t,,,,2,2019
410,Tuberculosis,t,9849.89859,0.17,,2,2019
411,Diabetes,f,,,,2,2019
412,Hypertension,f,103752265.148,,,2,2019
413,Tobacco use,f,,,,2,2019
414,BCG,t,,,,2,2019
415,HepB3,t,,,91,2,2019
416,Measles,t,,,90,2,2019
417,Pol3,t,,,93,2,2019
418,DPT,t,,,94,2,2019
419,Hib3,t,,,91,2,2019
420,HIV/AIDS,t,15900.779849999999,6300,,3,2005
421,ARI,t,1399264.4389104713,,,3,2005
422,Diarrhea,t,,,,3,2005
423,Malaria,t,,,,3,2005
424,Tuberculosis,t,23321.143780000002,2.7,,3,2005
425,Diabetes,f,,,,3,2005
426,Hypertension,f,36995814.451,,,3,2005
427,Tobacco use,f,,,,3,2005
428,BCG,t,,,99,3,2005
429,HepB3,t,,,98,3,2005
430,Measles,t,,,96,3,2005
431,Pol3,t,,,98,3,2005
432,DPT,t,,,98,3,2005
433,Hib3,t,,,98,3,2005
434,HIV/AIDS,t,15058.4217,6700,,3,2006
435,ARI,t,1185625.6274704484,,,3,2006
436,Diarrhea,t,,,,3,2006
437,Malaria,t,,,,3,2006
438,Tuberculosis,t,22587.632550000002,2.5,,3,2006
439,Diabetes,f,,,,3,2006
440,Hypertension,f,37646054.25,,,3,2006
441,Tobacco use,f,,,,3,2006
442,BCG,t,,,99,3,2006
443,HepB3,t,,,98,3,2006
444,Measles,t,,,96,3,2006
445,Pol3,t,,,98,3,2006
446,DPT,t,,,98,3,2006
447,Hib3,t,,,98,3,2006
448,HIV/AIDS,t,15283.870420000001,6400,,3,2007
449,ARI,t,1113469.323006106,,,3,2007
450,Diarrhea,t,,,,3,2007
451,Malaria,t,,,,3,2007
452,Tuberculosis,t,22925.805630000003,2.2,,3,2007
453,Diabetes,f,,,,3,2007
454,Hypertension,f,38209676.05,,,3,2007
455,Tobacco use,f,21179077.582,,,3,2007
456,BCG,t,,,99,3,2007
457,HepB3,t,,,98,3,2007
458,Measles,t,,,96,3,2007
459,Pol3,t,,,98,3,2007
460,DPT,t,,,98,3,2007
461,Hib3,t,,,98,3,2007
462,HIV/AIDS,t,15514.138080000002,6300,,3,2008
463,ARI,t,1111582.7332451777,,,3,2008
464,Diarrhea,t,,,,3,2008
465,Malaria,t,,,,3,2008
466,Tuberculosis,t,23271.207120000003,2.4,,3,2008
467,Diabetes,f,,,,3,2008
468,Hypertension,f,38896160.472,,,3,2008
469,Tobacco use,f,,,,3,2008
470,BCG,t,,,99,3,2008
471,HepB3,t,,,97,3,2008
472,Measles,t,,,96,3,2008
473,Pol3,t,,,96,3,2008
474,DPT,t,,,96,3,2008
475,Hib3,t,,,96,3,2008
476,HIV/AIDS,t,15744.944040000002,6300,,3,2009
477,ARI,t,1274759.606966789,,,3,2009
478,Diarrhea,t,,,,3,2009
479,Malaria,t,,,,3,2009
480,Tuberculosis,t,23617.41606,2.2,,3,2009
481,Diabetes,f,,,,3,2009
482,Hypertension,f,39474823.986,,,3,2009
483,Tobacco use,f,,,,3,2009
484,BCG,t,,,99,3,2009
485,HepB3,t,,,95,3,2009
486,Measles,t,,,96,3,2009
487,Pol3,t,,,95,3,2009
488,DPT,t,,,95,3,2009
489,Hib3,t,,,95,3,2009
490,HIV/AIDS,t,15973.014540000002,6400,,3,2010
491,ARI,t,578192.8284778567,,,3,2010
492,Diarrhea,t,,,,3,2010
493,Malaria,t,,,,3,2010
494,Tuberculosis,t,25100.45142,2.3,,3,2010
495,Diabetes,f,,,,3,2010
496,Hypertension,f,39932536.349999994,,,3,2010
497,Tobacco use,f,20194454.097,,,3,2010
498,BCG,t,,,98,3,2010
499,HepB3,t,,,93,3,2010
500,Measles,t,,,95,3,2010
501,Pol3,t,,,95,3,2010
502,DPT,t,,,95,3,2010
503,Hib3,t,,,95,3,2010
504,HIV/AIDS,t,17354.3202,6500,,3,2011
505,ARI,t,530088.81452271,,,3,2011
506,Diarrhea,t,,,,3,2011
507,Malaria,t,,,,3,2011
508,Tuberculosis,t,24296.048280000003,2.3,,3,2011
509,Diabetes,f,18048493.008,,,3,2011
510,Hypertension,f,40377718.331999995,,,3,2011
511,Tobacco use,f,,,,3,2011
512,BCG,t,,,99,3,2011
513,HepB3,t,,,98,3,2011
514,Measles,t,,,98,3,2011
515,Pol3,t,,,97,3,2011
516,DPT,t,,,97,3,2011
517,Hib3,t,,,97,3,2011
518,HIV/AIDS,t,18763.864960000003,6400,,3,2012
519,ARI,t,392850.43778433936,,,3,2012
520,Diarrhea,t,,,,3,2012
521,Malaria,t,,,,3,2012
522,Tuberculosis,t,25800.31432,2.1,,3,2012
523,Diabetes,f,,,,3,2012
524,Hypertension,f,40576857.976,,,3,2012
525,Tobacco use,f,19584784.051999997,,,3,2012
526,BCG,t,,,99,3,2012
527,HepB3,t,,,99,3,2012
528,Measles,t,,,99,3,2012
529,Pol3,t,,,99,3,2012
530,DPT,t,,,99,3,2012
531,Hib3,t,,,99,3,2012
532,HIV/AIDS,t,20200.616860000002,5800,,3,2013
533,ARI,t,233446.5249199186,,,3,2013
534,Diarrhea,t,,,,3,2013
535,Malaria,t,,,,3,2013
536,Tuberculosis,t,26141.97476,2.1,,3,2013
537,Diabetes,f,,,,3,2013
538,Hypertension,f,40757715.194,,,3,2013
539,Tobacco use,f,,,,3,2013
540,BCG,t,,,91,3,2013
541,HepB3,t,,,82,3,2013
542,Measles,t,,,89,3,2013
543,Pol3,t,,,83,3,2013
544,DPT,t,,,83,3,2013
545,Hib3,t,,,83,3,2013
546,HIV/AIDS,t,19256.821920000002,6000,,3,2014
547,ARI,t,309375.6289042756,,,3,2014
548,Diarrhea,t,,,,3,2014
549,Malaria,t,,,,3,2014
550,Tuberculosis,t,26478.13014,1.9,,3,2014
551,Diabetes,f,,,,3,2014
552,Hypertension,f,40800391.442999996,,,3,2014
553,Tobacco use,f,18895756.509,,,3,2014
554,BCG,t,,,96,3,2014
555,HepB3,t,,,84,3,2014
556,Measles,t,,,97,3,2014
557,Pol3,t,,,87,3,2014
558,DPT,t,,,87,3,2014
559,Hib3,t,,,87,3,2014
560,HIV/AIDS,t,19497.320160000003,5900,,3,2015
561,ARI,t,243821.95381600206,,,3,2015
562,Diarrhea,t,,,,3,2015
563,Malaria,t,,,,3,2015
564,Tuberculosis,t,26808.81522,1.8,,3,2015
565,Diabetes,f,,,,3,2015
566,Hypertension,f,40944372.336,,,3,2015
567,Tobacco use,f,,,,3,2015
568,BCG,t,,,98,3,2015
569,HepB3,t,,,82,3,2015
570,Measles,t,,,97,3,2015
571,Pol3,t,,,87,3,2015
572,DPT,t,,,87,3,2015
573,Hib3,t,,,87,3,2015
574,HIV/AIDS,t,19733.340640000002,5000,,3,2016
575,ARI,t,259856.72704155743,,,3,2016
576,Diarrhea,t,,,,3,2016
577,Malaria,t,,,,3,2016
578,Tuberculosis,t,27133.343380000002,1.8,,3,2016
579,Diabetes,f,,,,3,2016
580,Hypertension,f,40946681.828,,,3,2016
581,Tobacco use,f,18253340.092000004,,,3,2016
582,BCG,t,,,99,3,2016
583,HepB3,t,,,93,3,2016
584,Measles,t,,,96,3,2016
585,Pol3,t,,,96,3,2016
586,DPT,t,,,93,3,2016
587,Hib3,t,,,93,3,2016
588,HIV/AIDS,t,19964.372160000003,4500,,3,2017
589,ARI,t,347169.85216304235,,,3,2017
590,Diarrhea,t,,,,3,2017
591,Malaria,t,,,,3,2017
592,Tuberculosis,t,28698.78498,1.7,,3,2017
593,Diabetes,f,,,,3,2017
594,Hypertension,f,40926962.927999996,,,3,2017
595,Tobacco use,f,,,,3,2017
596,BCG,t,,,94,3,2017
597,HepB3,t,,,58,3,2017
598,Measles,t,,,76,3,2017
599,Pol3,t,,,85,3,2017
600,DPT,t,,,85,3,2017
601,Hib3,t,,,85,3,2017
602,HIV/AIDS,t,20190.525120000002,5000,,3,2018
603,ARI,t,378773.66679824365,,,3,2018
604,Diarrhea,t,,,,3,2018
605,Malaria,t,,,,3,2018
606,Tuberculosis,t,29023.87986,1.7,,3,2018
607,Diabetes,f,,,,3,2018
608,Hypertension,f,40885813.368,,,3,2018
609,Tobacco use,f,17540518.698000003,,,3,2018
610,BCG,t,,,96,3,2018
611,HepB3,t,,,55,3,2018
612,Measles,t,,,97,3,2018
613,Pol3,t,,,88,3,2018
614,DPT,t,,,88,3,2018
615,Hib3,t,,,88,3,2018
616,HIV/AIDS,t,20412.08464,4400,,3,2019
617,ARI,t,,,,3,2019
618,Diarrhea,t,,,,3,2019
619,Malaria,t,,,,3,2019
620,Tuberculosis,t,29342.37167,1.7,,3,2019
621,Diabetes,f,,,,3,2019
622,Hypertension,f,40951744.809,,,3,2019
623,Tobacco use,f,,,,3,2019
624,BCG,t,,,76,3,2019
625,HepB3,t,,,56,3,2019
626,Measles,t,,,73,3,2019
627,Pol3,t,,,82,3,2019
628,DPT,t,,,82,3,2019
629,Hib3,t,,,82,3,2019
630,HIV/AIDS,t,,,,4,2005
631,ARI,t,511063.20616630965,,,4,2005
632,Diarrhea,t,,,,4,2005
633,Malaria,t,,,,4,2005
634,Tuberculosis,t,1186385.2,5.5,,4,2005
635,Diabetes,f,,,,4,2005
636,Hypertension,f,374167640.0,,,4,2005
637,Tobacco use,f,,,,4,2005
638,BCG,t,,,86,4,2005
639,HepB3,t,,,84,4,2005
640,Measles,t,,,86,4,2005
641,Pol3,t,,,87,4,2005
642,DPT,t,,,87,4,2005
643,Hib3,t,,,,4,2005
644,HIV/AIDS,t,,,,4,2006
645,ARI,t,824237.8862224324,,,4,2006
646,Diarrhea,t,,,,4,2006
647,Malaria,t,,,,4,2006
648,Tuberculosis,t,1153697.6,5.1,,4,2006
649,Diabetes,f,,,,4,2006
650,Hypertension,f,380195800.0,,,4,2006
651,Tobacco use,f,,,,4,2006
652,BCG,t,,,92,4,2006
653,HepB3,t,,,91,4,2006
654,Measles,t,,,93,4,2006
655,Pol3,t,,,94,4,2006
656,DPT,t,,,93,4,2006
657,Hib3,t,,,,4,2006
658,HIV/AIDS,t,,,,4,2007
659,ARI,t,682332.9281959883,,,4,2007
660,Diarrhea,t,,,,4,2007
661,Malaria,t,,,,4,2007
662,Tuberculosis,t,1120202.25,4.6,,4,2007
663,Diabetes,f,,,,4,2007
664,Hypertension,f,386140305.0,,,4,2007
665,Tobacco use,f,359782605.0,,,4,2007
666,BCG,t,,,94,4,2007
667,HepB3,t,,,92,4,2007
668,Measles,t,,,94,4,2007
669,Pol3,t,,,94,4,2007
670,DPT,t,,,93,4,2007
671,Hib3,t,,,,4,2007
672,HIV/AIDS,t,,,,4,2008
673,ARI,t,387496.58572034264,,,4,2008
674,Diarrhea,t,,,,4,2008
675,Malaria,t,,,,4,2008
676,Tuberculosis,t,1086217.0999999999,4.2,,4,2008
677,Diabetes,f,,,,4,2008
678,Hypertension,f,390773225.0,,,4,2008
679,Tobacco use,f,,,,4,2008
680,BCG,t,,,97,4,2008
681,HepB3,t,,,95,4,2008
682,Measles,t,,,97,4,2008
683,Pol3,t,,,99,4,2008
684,DPT,t,,,97,4,2008
685,Hib3,t,,,,4,2008
686,HIV/AIDS,t,,,,4,2009
687,ARI,t,215999.93531573756,,,4,2009
688,Diarrhea,t,,,,4,2009
689,Malaria,t,,,,4,2009
690,Tuberculosis,t,1078320.5999999999,4.1,,4,2009
691,Diabetes,f,,,,4,2009
692,Hypertension,f,394052960.00000006,,,4,2009
693,Tobacco use,f,,,,4,2009
694,BCG,t,,,99,4,2009
695,HepB3,t,,,99,4,2009
696,Measles,t,,,99,4,2009
697,Pol3,t,,,99,4,2009
698,DPT,t,,,99,4,2009
699,Hib3,t,,,,4,2009
700,HIV/AIDS,t,,,,4,2010
701,ARI,t,115968.84331104544,,,4,2010
702,Diarrhea,t,,,,4,2010
703,Malaria,t,,,,4,2010
704,Tuberculosis,t,1016655.8,3.9,,4,2010
705,Diabetes,f,,,,4,2010
706,Hypertension,f,395960680.00000006,,,4,2010
707,Tobacco use,f,355829530.0,,,4,2010
708,BCG,t,,,99,4,2010
709,HepB3,t,,,99,4,2010
710,Measles,t,,,99,4,2010
711,Pol3,t,,,99,4,2010
712,DPT,t,,,99,4,2010
713,Hib3,t,,,,4,2010
714,HIV/AIDS,t,,,,4,2011
715,ARI,t,78238.70463434511,,,4,2011
716,Diarrhea,t,,,,4,2011
717,Malaria,t,,,,4,2011
718,Tuberculosis,t,1008776.25,3.4,,4,2011
719,Diabetes,f,118363080.00000001,,,4,2011
720,Hypertension,f,395440290.0,,,4,2011
721,Tobacco use,f,,,,4,2011
722,BCG,t,,,99,4,2011
723,HepB3,t,,,99,4,2011
724,Measles,t,,,99,4,2011
725,Pol3,t,,,99,4,2011
726,DPT,t,,,99,4,2011
727,Hib3,t,,,,4,2011
728,HIV/AIDS,t,,,,4,2012
729,ARI,t,5676.563740923418,,,4,2012
730,Diarrhea,t,,,,4,2012
731,Malaria,t,,,,4,2012
732,Tuberculosis,t,988558.7,3,,4,2012
733,Diabetes,f,,,,4,2012
734,Hypertension,f,395423480.0,,,4,2012
735,Tobacco use,f,353443590.0,,,4,2012
736,BCG,t,,,99,4,2012
737,HepB3,t,,,99,4,2012
738,Measles,t,,,99,4,2012
739,Pol3,t,,,99,4,2012
740,DPT,t,,,99,4,2012
741,Hib3,t,,,,4,2012
742,HIV/AIDS,t,,,,4,2013
743,ARI,t,2002.9994564332183,,,4,2013
744,Diarrhea,t,,,,4,2013
745,Malaria,t,,,,4,2013
746,Tuberculosis,t,954268.0,3,,4,2013
747,Diabetes,f,,,,4,2013
748,Hypertension,f,393976360.0,,,4,2013
749,Tobacco use,f,,,,4,2013
750,BCG,t,,,99,4,2013
751,HepB3,t,,,99,4,2013
752,Measles,t,,,99,4,2013
753,Pol3,t,,,99,4,2013
754,DPT,t,,,99,4,2013
755,Hib3,t,,,,4,2013
756,HIV/AIDS,t,,,,4,2014
757,ARI,t,1305.4097174596216,,,4,2014
758,Diarrhea,t,,,,4,2014
759,Malaria,t,,,,4,2014
760,Tuberculosis,t,919146.2000000001,2.8,,4,2014
761,Diabetes,f,,,,4,2014
762,Hypertension,f,392351960.00000006,,,4,2014
763,Tobacco use,f,349824300.0,,,4,2014
764,BCG,t,,,99,4,2014
765,HepB3,t,,,99,4,2014
766,Measles,t,,,99,4,2014
767,Pol3,t,,,99,4,2014
768,DPT,t,,,99,4,2014
769,Hib3,t,,,,4,2014
770,HIV/AIDS,t,,,,4,2015
771,ARI,t,909.6058792017782,,,4,2015
772,Diarrhea,t,,,,4,2015
773,Malaria,t,,,,4,2015
774,Tuberculosis,t,896909.0,2.8,,4,2015
775,Diabetes,f,,,,4,2015
776,Hypertension,f,390500380.00000006,,,4,2015
777,Tobacco use,f,,,,4,2015
778,BCG,t,,,99,4,2015
779,HepB3,t,,,99,4,2015
780,Measles,t,,,99,4,2015
781,Pol3,t,,,99,4,2015
782,DPT,t,,,99,4,2015
783,Hib3,t,,,,4,2015
784,HIV/AIDS,t,,,,4,2016
785,ARI,t,70.01200674040511,,,4,2016
786,Diarrhea,t,,,,4,2016
787,Malaria,t,,,,4,2016
788,Tuberculosis,t,874307.7000000001,2.8,,4,2016
789,Diabetes,f,,,,4,2016
790,Hypertension,f,388581200.00000006,,,4,2016
791,Tobacco use,f,348335290.0,,,4,2016
792,BCG,t,,,99,4,2016
793,HepB3,t,,,99,4,2016
794,Measles,t,,,99,4,2016
795,Pol3,t,,,99,4,2016
796,DPT,t,,,99,4,2016
797,Hib3,t,,,,4,2016
798,HIV/AIDS,t,,,,4,2017
799,ARI,t,0.0,,,4,2017
800,Diarrhea,t,,,,4,2017
801,Malaria,t,,,,4,2017
802,Tuberculosis,t,865653.3,2.6,,4,2017
803,Diabetes,f,,,,4,2017
804,Hypertension,f,388147770.00000006,,,4,2017
805,Tobacco use,f,,,,4,2017
806,BCG,t,,,99,4,2017
807,HepB3,t,,,99,4,2017
808,Measles,t,,,99,4,2017
809,Pol3,t,,,99,4,2017
810,DPT,t,,,99,4,2017
811,Hib3,t,,,,4,2017
812,HIV/AIDS,t,,,,4,2018
813,ARI,t,0.0,,,4,2018
814,Diarrhea,t,,,,4,2018
815,Malaria,t,,,,4,2018
816,Tuberculosis,t,855683.6,2.4,,4,2018
817,Diabetes,f,,,,4,2018
818,Hypertension,f,385759000.00000006,,,4,2018
819,Tobacco use,f,346481720.0,,,4,2018
820,BCG,t,,,99,4,2018
821,HepB3,t,,,99,4,2018
822,Measles,t,,,99,4,2018
823,Pol3,t,,,99,4,2018
824,DPT,t,,,99,4,2018
825,Hib3,t,,,,4,2018
826,HIV/AIDS,t,,,,4,2019
827,ARI,t,,,,4,2019
828,Diarrhea,t,,,,4,2019
829,Malaria,t,,,,4,2019
830,Tuberculosis,t,816492.1,2.2,,4,2019
831,Diabetes,f,,,,4,2019
832,Hypertension,f,384314385.0,,,4,2019
833,Tobacco use,f,,,,4,2019
834,BCG,t,,,99,4,2019
835,HepB3,t,,,99,4,2019
836,Measles,t,,,99,4,2019
837,Pol3,t,,,99,4,2019
838,DPT,t,,,99,4,2019
839,Hib3,t,,,,4,2019
840,HIV/AIDS,t,46531.777,14000,,5,2005
841,ARI,t,32427389.955570832,,,5,2005
842,Diarrhea,t,,,,5,2005
843,Malaria,t,,,,5,2005
844,Tuberculosis,t,93063.554,3.2,,5,2005
845,Diabetes,f,,,,5,2005
846,Hypertension,f,84315579.924,,,5,2005
847,Tobacco use,f,,,,5,2005
848,BCG,t,,,99,5,2005
849,HepB3,t,,,98,5,2005
850,Measles,t,,,98,5,2005
851,Pol3,t,,,99,5,2005
852,DPT,t,,,99,5,2005
853,Hib3,t,,,96,5,2005
854,HIV/AIDS,t,47041.83825,14000,,5,2006
855,ARI,t,28777488.181204703,,,5,2006
856,Diarrhea,t,,,,5,2006
857,Malaria,t,,,,5,2006
858,Tuberculosis,t,86556.98238,3.1,,5,2006
859,Diabetes,f,,,,5,2006
860,Hypertension,f,85804312.96800001,,,5,2006
861,Tobacco use,f,,,,5,2006
862,BCG,t,,,99,5,2006
863,HepB3,t,,,99,5,2006
864,Measles,t,,,99,5,2006
865,Pol3,t,,,99,5,2006
866,DPT,t,,,99,5,2006
867,Hib3,t,,,97,5,2006
868,HIV/AIDS,t,47532.61125,14000,,5,2007
869,ARI,t,26330837.666963406,,,5,2007
870,Diarrhea,t,,,,5,2007
871,Malaria,t,,,,5,2007
872,Tuberculosis,t,87460.0047,3,,5,2007
873,Diabetes,f,,,,5,2007
874,Hypertension,f,87079743.80999999,,,5,2007
875,Tobacco use,f,47532611.25,,,5,2007
876,BCG,t,,,99,5,2007
877,HepB3,t,,,99,5,2007
878,Measles,t,,,99,5,2007
879,Pol3,t,,,99,5,2007
880,DPT,t,,,99,5,2007
881,Hib3,t,,,98,5,2007
882,HIV/AIDS,t,48007.5905,14000,,5,2008
883,ARI,t,16536650.452471808,,,5,2008
884,Diarrhea,t,,,,5,2008
885,Malaria,t,,,,5,2008
886,Tuberculosis,t,88333.96652,3,,5,2008
887,Diabetes,f,,,,5,2008
888,Hypertension,f,88333966.52000001,,,5,2008
889,Tobacco use,f,,,,5,2008
890,BCG,t,,,99,5,2008
891,HepB3,t,,,96,5,2008
892,Measles,t,,,99,5,2008
893,Pol3,t,,,99,5,2008
894,DPT,t,,,99,5,2008
895,Hib3,t,,,99,5,2008
896,HIV/AIDS,t,48471.62625,15000,,5,2009
897,ARI,t,16199901.689803293,,,5,2009
898,Diarrhea,t,,,,5,2009
899,Malaria,t,,,,5,2009
900,Tuberculosis,t,87248.92725,2.9,,5,2009
901,Diabetes,f,,,,5,2009
902,Hypertension,f,89381678.805,,,5,2009
903,Tobacco use,f,,,,5,2009
904,BCG,t,,,99,5,2009
905,HepB3,t,,,99,5,2009
906,Measles,t,,,99,5,2009
907,Pol3,t,,,99,5,2009
908,DPT,t,,,99,5,2009
909,Hib3,t,,,99,5,2009
910,HIV/AIDS,t,48928.409250000004,14000,,5,2010
911,ARI,t,19202413.94341733,,,5,2010
912,Diarrhea,t,,,,5,2010
913,Malaria,t,,,,5,2010
914,Tuberculosis,t,86114.00028000001,2.8,,5,2010
915,Diabetes,f,,,,5,2010
916,Hypertension,f,90223986.657,,,5,2010
917,Tobacco use,f,43644141.051,,,5,2010
918,BCG,t,,,99,5,2010
919,HepB3,t,,,96,5,2010
920,Measles,t,,,99,5,2010
921,Pol3,t,,,99,5,2010
922,DPT,t,,,99,5,2010
923,Hib3,t,,,99,5,2010
924,HIV/AIDS,t,47403.489839999995,15000,,5,2011
925,ARI,t,13991330.336447392,,,5,2011
926,Diarrhea,t,,,,5,2011
927,Malaria,t,,,,5,2011
928,Tuberculosis,t,86906.39804,2.7,,5,2011
929,Diabetes,f,19948968.641,,,5,2011
930,Hypertension,f,91054203.40100001,,,5,2011
931,Tobacco use,f,,,,5,2011
932,BCG,t,,,99,5,2011
933,HepB3,t,,,98,5,2011
934,Measles,t,,,99,5,2011
935,Pol3,t,,,98,5,2011
936,DPT,t,,,99,5,2011
937,Hib3,t,,,99,5,2011
938,HIV/AIDS,t,47828.950079999995,15000,,5,2012
939,ARI,t,12714039.49560652,,,5,2012
940,Diarrhea,t,,,,5,2012
941,Malaria,t,,,,5,2012
942,Tuberculosis,t,87686.40848,2.6,,5,2012
943,Diabetes,f,,,,5,2012
944,Hypertension,f,91472867.028,,,5,2012
945,Tobacco use,f,41252469.444,,,5,2012
946,BCG,t,,,99,5,2012
947,HepB3,t,,,96,5,2012
948,Measles,t,,,99,5,2012
949,Pol3,t,,,96,5,2012
950,DPT,t,,,95,5,2012
951,Hib3,t,,,95,5,2012
952,HIV/AIDS,t,48248.61696,15000,,5,2013
953,ARI,t,9694236.574824458,,,5,2013
954,Diarrhea,t,,,,5,2013
955,Malaria,t,,,,5,2013
956,Tuberculosis,t,88455.79776,2.7,,5,2013
957,Diabetes,f,,,,5,2013
958,Hypertension,f,92074444.03199999,,,5,2013
959,Tobacco use,f,,,,5,2013
960,BCG,t,,,99,5,2013
961,HepB3,t,,,96,5,2013
962,Measles,t,,,98,5,2013
963,Pol3,t,,,96,5,2013
964,DPT,t,,,97,5,2013
965,Hib3,t,,,98,5,2013
966,HIV/AIDS,t,48663.298559999996,16000,,5,2014
967,ARI,t,7294137.936705202,,,5,2014
968,Diarrhea,t,,,,5,2014
969,Malaria,t,,,,5,2014
970,Tuberculosis,t,87188.40991999999,2.5,,5,2014
971,Diabetes,f,,,,5,2014
972,Hypertension,f,92460267.264,,,5,2014
973,Tobacco use,f,38930638.848,,,5,2014
974,BCG,t,,,99,5,2014
975,HepB3,t,,,96,5,2014
976,Measles,t,,,97,5,2014
977,Pol3,t,,,96,5,2014
978,DPT,t,,,93,5,2014
979,Hib3,t,,,95,5,2014
980,HIV/AIDS,t,47028.504570000005,16000,,5,2015
981,ARI,t,7935615.778267966,,,5,2015
982,Diarrhea,t,,,,5,2015
983,Malaria,t,,,,5,2015
984,Tuberculosis,t,87922.85637,2.6,,5,2015
985,Diabetes,f,,,,5,2015
986,Hypertension,f,93034650.345,,,5,2015
987,Tobacco use,f,,,,5,2015
988,BCG,t,,,99,5,2015
989,HepB3,t,,,96,5,2015
990,Measles,t,,,96,5,2015
991,Pol3,t,,,98,5,2015
992,DPT,t,,,96,5,2015
993,Hib3,t,,,96,5,2015
994,HIV/AIDS,t,47417.50288,15000,,5,2016
995,ARI,t,6643448.334278424,,,5,2016
996,Diarrhea,t,,,,5,2016
997,Malaria,t,,,,5,2016
998,Tuberculosis,t,88650.11408,2.5,,5,2016
999,Diabetes,f,,,,5,2016
1000,Hypertension,f,93598027.424,,,5,2016
1001,Tobacco use,f,36697023.968,,,5,2016
1002,BCG,t,,,90,5,2016
1003,HepB3,t,,,89,5,2016
1004,Measles,t,,,95,5,2016
1005,Pol3,t,,,72,5,2016
1006,DPT,t,,,89,5,2016
1007,Hib3,t,,,89,5,2016
1008,HIV/AIDS,t,47801.77975,14000,,5,2017
1009,ARI,t,10879211.945143938,,,5,2017
1010,Diarrhea,t,,,,5,2017
1011,Malaria,t,,,,5,2017
1012,Tuberculosis,t,91446.883,2.5,,5,2017
1013,Diabetes,f,,,,5,2017
1014,Hypertension,f,93940888.9,,,5,2017
1015,Tobacco use,f,,,,5,2017
1016,BCG,t,,,91,5,2017
1017,HepB3,t,,,93,5,2017
1018,Measles,t,,,91,5,2017
1019,Pol3,t,,,75,5,2017
1020,DPT,t,,,89,5,2017
1021,Hib3,t,,,93,5,2017
1022,HIV/AIDS,t,48177.9436,14000,,5,2018
1023,ARI,t,10733990.390118146,,,5,2018
1024,Diarrhea,t,,,,5,2018
1025,Malaria,t,,,,5,2018
1026,Tuberculosis,t,96355.8872,2.5,,5,2018
1027,Diabetes,f,,,,5,2018
1028,Hypertension,f,94470663.32000001,,,5,2018
1029,Tobacco use,f,34562437.800000004,,,5,2018
1030,BCG,t,,,92,5,2018
1031,HepB3,t,,,93,5,2018
1032,Measles,t,,,92,5,2018
1033,Pol3,t,,,85,5,2018
1034,DPT,t,,,87,5,2018
1035,Hib3,t,,,83,5,2018
1036,HIV/AIDS,t,48541.389370000004,13000,,5,2019
1037,ARI,t,,,,5,2019
1038,Diarrhea,t,,,,5,2019
1039,Malaria,t,,,,5,2019
1040,Tuberculosis,t,97082.77874000001,2.5,,5,2019
1041,Diabetes,f,,,,5,2019
1042,Hypertension,f,94972283.55,,,5,2019
1043,Tobacco use,f,,,,5,2019
1044,BCG,t,,,79,5,2019
1045,HepB3,t,,,80,5,2019
1046,Measles,t,,,91,5,2019
1047,Pol3,t,,,85,5,2019
1048,DPT,t,,,73,5,2019
1049,Hib3,t,,,80,5,2019
1050,HIV/AIDS,t,565469.82695,250000,,6,2005
1051,ARI,t,775500.080982712,,,6,2005
1052,Diarrhea,t,,,,6,2005
1053,Malaria,t,,,,6,2005
1054,Tuberculosis,t,579355.1995,71,,6,2005
1055,Diabetes,f,,,,6,2005
1056,Hypertension,f,20588655.85,,,6,2005
1057,Tobacco use,f,,,,6,2005
1058,BCG,t,,,76,6,2005
1059,HepB3,t,,,79,6,2005
1060,Measles,t,,,64,6,2005
1061,Pol3,t,,,75,6,2005
1062,DPT,t,,,81,6,2005
1063,Hib3,t,,,82,6,2005
1064,HIV/AIDS,t,556174.15208,270000,,6,2006
1065,ARI,t,1209800.0997990095,,,6,2006
1066,Diarrhea,t,,,,6,2006
1067,Malaria,t,,,,6,2006
1068,Tuberculosis,t,606118.3,71,,6,2006
1069,Diabetes,f,,,,6,2006
1070,Hypertension,f,21238385.231999997,,,6,2006
1071,Tobacco use,f,,,,6,2006
1072,BCG,t,,,79,6,2006
1073,HepB3,t,,,83,6,2006
1074,Measles,t,,,69,6,2006
1075,Pol3,t,,,79,6,2006
1076,DPT,t,,,84,6,2006
1077,Hib3,t,,,84,6,2006
1078,HIV/AIDS,t,547194.19324,250000,,6,2007
1079,ARI,t,632700.0772845806,,,6,2007
1080,Diarrhea,t,,,,6,2007
1081,Malaria,t,,,,6,2007
1082,Tuberculosis,t,623821.0282,67,,6,2007
1083,Diabetes,f,,,,6,2007
1084,Hypertension,f,21809176.104000002,,,6,2007
1085,Tobacco use,f,17191918.099999998,,,6,2007
1086,BCG,t,,,79,6,2007
1087,HepB3,t,,,83,6,2007
1088,Measles,t,,,68,6,2007
1089,Pol3,t,,,79,6,2007
1090,DPT,t,,,85,6,2007
1091,Hib3,t,,,84,6,2007
1092,HIV/AIDS,t,531146.96624,220000,,6,2008
1093,ARI,t,779600.0313221484,,,6,2008
1094,Diarrhea,t,,,,6,2008
1095,Malaria,t,,,,6,2008
1096,Tuberculosis,t,632199.2944,63,,6,2008
1097,Diabetes,f,,,,6,2008
1098,Hypertension,f,22350982.928,,,6,2008
1099,Tobacco use,f,,,,6,2008
1100,BCG,t,,,84,6,2008
1101,HepB3,t,,,76,6,2008
1102,Measles,t,,,73,6,2008
1103,Pol3,t,,,77,6,2008
1104,DPT,t,,,82,6,2008
1105,Hib3,t,,,80,6,2008
1106,HIV/AIDS,t,513351.22221000004,190000,,6,2009
1107,ARI,t,607200.0360877138,,,6,2009
1108,Diarrhea,t,,,,6,2009
1109,Malaria,t,,,,6,2009
1110,Tuberculosis,t,636010.3638,57,,6,2009
1111,Diabetes,f,,,,6,2009
1112,Hypertension,f,22815609.876000002,,,6,2009
1113,Tobacco use,f,,,,6,2009
1114,BCG,t,,,82,6,2009
1115,HepB3,t,,,74,6,2009
1116,Measles,t,,,77,6,2009
1117,Pol3,t,,,75,6,2009
1118,DPT,t,,,81,6,2009
1119,Hib3,t,,,77,6,2009
1120,HIV/AIDS,t,489634.20452,160000,,6,2010
1121,ARI,t,806000.1101588247,,,6,2010
1122,Diarrhea,t,,,,6,2010
1123,Malaria,t,,,,6,2010
1124,Tuberculosis,t,629968.6941,51,,6,2010
1125,Diabetes,f,,,,6,2010
1126,Hypertension,f,23252503.018,,,6,2010
1127,Tobacco use,f,17362551.812999997,,,6,2010
1128,BCG,t,,,81,6,2010
1129,HepB3,t,,,71,6,2010
1130,Measles,t,,,72,6,2010
1131,Pol3,t,,,72,6,2010
1132,DPT,t,,,77,6,2010
1133,Hib3,t,,,72,6,2010
1134,HIV/AIDS,t,466993.75582,150000,,6,2011
1135,ARI,t,986600.1707453794,,,6,2011
1136,Diarrhea,t,,,,6,2011
1137,Malaria,t,,,,6,2011
1138,Tuberculosis,t,624045.108,47,,6,2011
1139,Diabetes,f,3640263.1300000004,,,6,2011
1140,Hypertension,f,23661710.345000003,,,6,2011
1141,Tobacco use,f,,,,6,2011
1142,BCG,t,,,84,6,2011
1143,HepB3,t,,,76,6,2011
1144,Measles,t,,,77,6,2011
1145,Pol3,t,,,71,6,2011
1146,DPT,t,,,75,6,2011
1147,Hib3,t,,,71,6,2011
1148,HIV/AIDS,t,447492.62173,120000,,6,2012
1149,ARI,t,662100.1127882071,,,6,2012
1150,Diarrhea,t,,,,6,2012
1151,Malaria,t,,,,6,2012
1152,Tuberculosis,t,612858.8444,42,,6,2012
1153,Diabetes,f,,,,6,2012
1154,Hypertension,f,23986027.185999997,,,6,2012
1155,Tobacco use,f,17487610.129,,,6,2012
1156,BCG,t,,,86,6,2012
1157,HepB3,t,,,70,6,2012
1158,Measles,t,,,79,6,2012
1159,Pol3,t,,,69,6,2012
1160,DPT,t,,,71,6,2012
1161,Hib3,t,,,69,6,2012
1162,HIV/AIDS,t,416075.21875,110000,,6,2013
1163,ARI,t,864500.0805127926,,,6,2013
1164,Diarrhea,t,,,,6,2013
1165,Malaria,t,,,,6,2013
1166,Tuberculosis,t,595927.0875,39,,6,2013
1167,Diabetes,f,,,,6,2013
1168,Hypertension,f,24320267.624999996,,,6,2013
1169,Tobacco use,f,,,,6,2013
1170,BCG,t,,,88,6,2013
1171,HepB3,t,,,73,6,2013
1172,Measles,t,,,78,6,2013
1173,Pol3,t,,,79,6,2013
1174,DPT,t,,,81,6,2013
1175,Hib3,t,,,79,6,2013
1176,HIV/AIDS,t,394354.45032,99000,,6,2014
1177,ARI,t,1170500.0858386715,,,6,2014
1178,Diarrhea,t,,,,6,2014
1179,Malaria,t,,,,6,2014
1180,Tuberculosis,t,583622.7688,37,,6,2014
1181,Diabetes,f,,,,6,2014
1182,Hypertension,f,24653971.168,,,6,2014
1183,Tobacco use,f,17726859.8,,,6,2014
1184,BCG,t,,,93,6,2014
1185,HepB3,t,,,85,6,2014
1186,Measles,t,,,84,6,2014
1187,Pol3,t,,,85,6,2014
1188,DPT,t,,,85,6,2014
1189,Hib3,t,,,85,6,2014
1190,HIV/AIDS,t,368319.35385,93000,,6,2015
1191,ARI,t,115700.01880065777,,,6,2015
1192,Diarrhea,t,,,,6,2015
1193,Malaria,t,,,,6,2015
1194,Tuberculosis,t,547217.32572,36,,6,2015
1195,Diabetes,f,,,,6,2015
1196,Hypertension,f,24923866.05,,,6,2015
1197,Tobacco use,f,,,,6,2015
1198,BCG,t,,,83,6,2015
1199,HepB3,t,,,85,6,2015
1200,Measles,t,,,86,6,2015
1201,Pol3,t,,,85,6,2015
1202,DPT,t,,,85,6,2015
1203,Hib3,t,,,85,6,2015
1204,HIV/AIDS,t,352421.95923,90000,,6,2016
1205,ARI,t,432300.06922012754,,,6,2016
1206,Diarrhea,t,,,,6,2016
1207,Malaria,t,,,,6,2016
1208,Tuberculosis,t,452471.57445,36,,6,2016
1209,Diabetes,f,,,,6,2016
1210,Hypertension,f,25181026.751999997,,,6,2016
1211,Tobacco use,f,17986447.68,,,6,2016
1212,BCG,t,,,90,6,2016
1213,HepB3,t,,,76,6,2016
1214,Measles,t,,,85,6,2016
1215,Pol3,t,,,76,6,2016
1216,DPT,t,,,76,6,2016
1217,Hib3,t,,,76,6,2016
1218,HIV/AIDS,t,336927.62841,88000,,6,2017
1219,ARI,t,2251700.039496754,,,6,2017
1220,Diarrhea,t,,,,6,2017
1221,Malaria,t,,,,6,2017
1222,Tuberculosis,t,420731.96238000004,37,,6,2017
1223,Diabetes,f,,,,6,2017
1224,Hypertension,f,25426348.946,,,6,2017
1225,Tobacco use,f,,,,6,2017
1226,BCG,t,,,75,6,2017
1227,HepB3,t,,,76,6,2017
1228,Measles,t,,,70,6,2017
1229,Pol3,t,,,76,6,2017
1230,DPT,t,,,76,6,2017
1231,Hib3,t,,,76,6,2017
1232,HIV/AIDS,t,310345.8324,86000,,6,2018
1233,ARI,t,954000.0000000017,,,6,2018
1234,Diarrhea,t,,,,6,2018
1235,Malaria,t,,,,6,2018
1236,Tuberculosis,t,391255.3604,37,,6,2018
1237,Diabetes,f,,,,6,2018
1238,Hypertension,f,25659878.88,,,6,2018
1239,Tobacco use,f,18146851.28,,,6,2018
1240,BCG,t,,,70,6,2018
1241,HepB3,t,,,74,6,2018
1242,Measles,t,,,70,6,2018
1243,Pol3,t,,,74,6,2018
1244,DPT,t,,,74,6,2018
1245,Hib3,t,,,74,6,2018
1246,HIV/AIDS,t,290449.00432,84000,,6,2019
1247,ARI,t,,,,6,2019
1248,Diarrhea,t,,,,6,2019
1249,Malaria,t,,,,6,2019
1250,Tuberculosis,t,360133.34205,38,,6,2019
1251,Diabetes,f,,,,6,2019
1252,Hypertension,f,25824195.747,,,6,2019
1253,Tobacco use,f,,,,6,2019
1254,BCG,t,,,84,6,2019
1255,HepB3,t,,,77,6,2019
1256,Measles,t,,,72,6,2019
1257,Pol3,t,,,77,6,2019
1258,DPT,t,,,77,6,2019
1259,Hib3,t,,,77,6,2019
1260,HIV/AIDS,t,8015.20035,100,,7,2005
1261,ARI,t,8596910.414768465,,,7,2005
1262,Diarrhea,t,,,,7,2005
1263,Malaria,t,,,,7,2005
1264,Tuberculosis,t,442439.05932,32,,7,2005
1265,Diabetes,f,,,,7,2005
1266,Hypertension,f,64442210.814,,,7,2005
1267,Tobacco use,f,,,,7,2005
1268,BCG,t,,,78,7,2005
1269,HepB3,t,,,65,7,2005
1270,Measles,t,,,61,7,2005
1271,Pol3,t,,,63,7,2005
1272,DPT,t,,,63,7,2005
1273,Hib3,t,,,,7,2005
1274,HIV/AIDS,t,9841.357559999999,200,,7,2006
1275,ARI,t,8657269.990920486,,,7,2006
1276,Diarrhea,t,,,,7,2006
1277,Malaria,t,,,,7,2006
1278,Tuberculosis,t,452702.44775999995,31,,7,2006
1279,Diabetes,f,,,,7,2006
1280,Hypertension,f,66429163.53,,,7,2006
1281,Tobacco use,f,,,,7,2006
1282,BCG,t,,,77,7,2006
1283,HepB3,t,,,60,7,2006
1284,Measles,t,,,59,7,2006
1285,Pol3,t,,,58,7,2006
1286,DPT,t,,,59,7,2006
1287,Hib3,t,,,,7,2006
1288,HIV/AIDS,t,11746.567420000001,500,,7,2007
1289,ARI,t,8497511.480677523,,,7,2007
1290,Diarrhea,t,,,,7,2007
1291,Malaria,t,,,,7,2007
1292,Tuberculosis,t,463150.37256,29,,7,2007
1293,Diabetes,f,,,,7,2007
1294,Hypertension,f,68297899.142,,,7,2007
1295,Tobacco use,f,51517088.541999996,,,7,2007
1296,BCG,t,,,77,7,2007
1297,HepB3,t,,,54,7,2007
1298,Measles,t,,,57,7,2007
1299,Pol3,t,,,54,7,2007
1300,DPT,t,,,54,7,2007
1301,Hib3,t,,,,7,2007
1302,HIV/AIDS,t,13731.918720000001,560,,7,2008
1303,ARI,t,7769230.065546621,,,7,2008
1304,Diarrhea,t,,,,7,2008
1305,Malaria,t,,,,7,2008
1306,Tuberculosis,t,473751.19584,29,,7,2008
1307,Diabetes,f,,,,7,2008
1308,Hypertension,f,70204434.456,,,7,2008
1309,Tobacco use,f,,,,7,2008
1310,BCG,t,,,75,7,2008
1311,HepB3,t,,,53,7,2008
1312,Measles,t,,,56,7,2008
1313,Pol3,t,,,53,7,2008
1314,DPT,t,,,53,7,2008
1315,Hib3,t,,,,7,2008
1316,HIV/AIDS,t,14042.0488,890,,7,2009
1317,ARI,t,10331418.03628977,,,7,2009
1318,Diarrhea,t,,,,7,2009
1319,Malaria,t,,,,7,2009
1320,Tuberculosis,t,484450.6836,28,,7,2009
1321,Diabetes,f,,,,7,2009
1322,Hypertension,f,72316551.32000001,,,7,2009
1323,Tobacco use,f,,,,7,2009
1324,BCG,t,,,74,7,2009
1325,HepB3,t,,,52,7,2009
1326,Measles,t,,,56,7,2009
1327,Pol3,t,,,52,7,2009
1328,DPT,t,,,52,7,2009
1329,Hib3,t,,,52,7,2009
1330,HIV/AIDS,t,14353.971440000001,1400,,7,2010
1331,ARI,t,14705429.437735291,,,7,2010
1332,Diarrhea,t,,,,7,2010
1333,Malaria,t,,,,7,2010
1334,Tuberculosis,t,495212.01467999996,26,,7,2010
1335,Diabetes,f,,,,7,2010
1336,Hypertension,f,74281802.20199999,,,7,2010
1337,Tobacco use,f,48624078.253000006,,,7,2010
1338,BCG,t,,,74,7,2010
1339,HepB3,t,,,52,7,2010
1340,Measles,t,,,57,7,2010
1341,Pol3,t,,,52,7,2010
1342,DPT,t,,,52,7,2010
1343,Hib3,t,,,52,7,2010
1344,HIV/AIDS,t,14667.213440000001,1900,,7,2011
1345,ARI,t,19386843.191861626,,,7,2011
1346,Diarrhea,t,,,,7,2011
1347,Malaria,t,,,,7,2011
1348,Tuberculosis,t,506018.86367999995,26,,7,2011
1349,Diabetes,f,14483873.272,,,7,2011
1350,Hypertension,f,76269509.88800001,,,7,2011
1351,Tobacco use,f,,,,7,2011
1352,BCG,t,,,83,7,2011
1353,HepB3,t,,,63,7,2011
1354,Measles,t,,,59,7,2011
1355,Pol3,t,,,63,7,2011
1356,DPT,t,,,63,7,2011
1357,Hib3,t,,,63,7,2011
1358,HIV/AIDS,t,14982.410000000002,2600,,7,2012
1359,ARI,t,16809692.553599793,,,7,2012
1360,Diarrhea,t,,,,7,2012
1361,Malaria,t,,,,7,2012
1362,Tuberculosis,t,516893.14499999996,25,,7,2012
1363,Diabetes,f,,,,7,2012
1364,Hypertension,f,78283092.25,,,7,2012
1365,Tobacco use,f,47007311.375,,,7,2012
1366,BCG,t,,,84,7,2012
1367,HepB3,t,,,64,7,2012
1368,Measles,t,,,63,7,2012
1369,Pol3,t,,,64,7,2012
1370,DPT,t,,,64,7,2012
1371,Hib3,t,,,64,7,2012
1372,HIV/AIDS,t,17213.47191,3300,,7,2013
1373,ARI,t,14436090.060929952,,,7,2013
1374,Diarrhea,t,,,,7,2013
1375,Malaria,t,,,,7,2013
1376,Tuberculosis,t,525967.19725,24,,7,2013
1377,Diabetes,f,,,,7,2013
1378,Hypertension,f,80329535.58,,,7,2013
1379,Tobacco use,f,,,,7,2013
1380,BCG,t,,,84,7,2013
1381,HepB3,t,,,65,7,2013
1382,Measles,t,,,68,7,2013
1383,Pol3,t,,,65,7,2013
1384,DPT,t,,,65,7,2013
1385,Hib3,t,,,65,7,2013
1386,HIV/AIDS,t,17577.45108,4200,,7,2014
1387,ARI,t,13969000.38858971,,,7,2014
1388,Diarrhea,t,,,,7,2014
1389,Malaria,t,,,,7,2014
1390,Tuberculosis,t,527323.5324,23,,7,2014
1391,Diabetes,f,,,,7,2014
1392,Hypertension,f,82418715.06400001,,,7,2014
1393,Tobacco use,f,45310762.783999994,,,7,2014
1394,BCG,t,,,85,7,2014
1395,HepB3,t,,,69,7,2014
1396,Measles,t,,,71,7,2014
1397,Pol3,t,,,69,7,2014
1398,DPT,t,,,69,7,2014
1399,Hib3,t,,,69,7,2014
1400,HIV/AIDS,t,19942.6953,4900,,7,2015
1401,ARI,t,10096520.342154639,,,7,2015
1402,Diarrhea,t,,,,7,2015
1403,Malaria,t,,,,7,2015
1404,Tuberculosis,t,538452.7731,23,,7,2015
1405,Diabetes,f,,,,7,2015
1406,Hypertension,f,84557028.072,,,7,2015
1407,Tobacco use,f,,,,7,2015
1408,BCG,t,,,86,7,2015
1409,HepB3,t,,,72,7,2015
1410,Measles,t,,,75,7,2015
1411,Pol3,t,,,72,7,2015
1412,DPT,t,,,72,7,2015
1413,Hib3,t,,,72,7,2015
1414,HIV/AIDS,t,20363.1356,5700,,7,2016
1415,ARI,t,12231359.94686136,,,7,2016
1416,Diarrhea,t,,,,7,2016
1417,Malaria,t,,,,7,2016
1418,Tuberculosis,t,545732.03408,22,,7,2016
1419,Diabetes,f,,,,7,2016
1420,Hypertension,f,86746957.656,,,7,2016
1421,Tobacco use,f,43984372.896000005,,,7,2016
1422,BCG,t,,,86,7,2016
1423,HepB3,t,,,75,7,2016
1424,Measles,t,,,75,7,2016
1425,Pol3,t,,,75,7,2016
1426,DPT,t,,,75,7,2016
1427,Hib3,t,,,75,7,2016
1428,HIV/AIDS,t,20790.621,6300,,7,2017
1429,ARI,t,9876738.112086032,,,7,2017
1430,Diarrhea,t,,,,7,2017
1431,Malaria,t,,,,7,2017
1432,Tuberculosis,t,555109.5807,21,,7,2017
1433,Diabetes,f,,,,7,2017
1434,Hypertension,f,88983857.88,,,7,2017
1435,Tobacco use,f,,,,7,2017
1436,BCG,t,,,86,7,2017
1437,HepB3,t,,,75,7,2017
1438,Measles,t,,,76,7,2017
1439,Pol3,t,,,75,7,2017
1440,DPT,t,,,75,7,2017
1441,Hib3,t,,,75,7,2017
1442,HIV/AIDS,t,23345.11168,6900,,7,2018
1443,ARI,t,7176531.626464232,,,7,2018
1444,Diarrhea,t,,,,7,2018
1445,Malaria,t,,,,7,2018
1446,Tuberculosis,t,562404.9632,20,,7,2018
1447,Diabetes,f,,,,7,2018
1448,Hypertension,f,91258163.84,,,7,2018
1449,Tobacco use,f,42445657.6,,,7,2018
1450,BCG,t,,,87,7,2018
1451,HepB3,t,,,75,7,2018
1452,Measles,t,,,73,7,2018
1453,Pol3,t,,,75,7,2018
1454,DPT,t,,,75,7,2018
1455,Hib3,t,,,75,7,2018
1456,HIV/AIDS,t,23822.18487,7800,,7,2019
1457,ARI,t,,,,7,2019
1458,Diarrhea,t,,,,7,2019
1459,Malaria,t,,,,7,2019
1460,Tuberculosis,t,569566.78371,19,,7,2019
1461,Diabetes,f,,,,7,2019
1462,Hypertension,f,93556216.944,,,7,2019
1463,Tobacco use,f,,,,7,2019
1464,BCG,t,,,88,7,2019
1465,HepB3,t,,,75,7,2019
1466,Measles,t,,,75,7,2019
1467,Pol3,t,,,75,7,2019
1468,DPT,t,,,75,7,2019
1469,Hib3,t,,,75,7,2019
1470,HIV/AIDS,t,755.23576,100,,8,2005
1471,ARI,t,0.0,,,8,2005
1472,Diarrhea,t,,,,8,2005
1473,Malaria,t,,,,8,2005
1474,Tuberculosis,t,15859.95096,1.2,,8,2005
1475,Diabetes,f,,,,8,2005
1476,Hypertension,f,28623435.304,,,8,2005
1477,Tobacco use,f,,,,8,2005
1478,BCG,t,,,98,8,2005
1479,HepB3,t,,,98,8,2005
1480,Measles,t,,,98,8,2005
1481,Pol3,t,,,98,8,2005
1482,DPT,t,,,98,8,2005
1483,Hib3,t,,,,8,2005
1484,HIV/AIDS,t,768.7367,200,,8,2006
1485,ARI,t,0.0,,,8,2006
1486,Diarrhea,t,,,,8,2006
1487,Malaria,t,,,,8,2006
1488,Tuberculosis,t,16143.4707,1.1,,8,2006
1489,Diabetes,f,,,,8,2006
1490,Hypertension,f,29135120.93,,,8,2006
1491,Tobacco use,f,,,,8,2006
1492,BCG,t,,,99,8,2006
1493,HepB3,t,,,98,8,2006
1494,Measles,t,,,98,8,2006
1495,Pol3,t,,,98,8,2006
1496,DPT,t,,,98,8,2006
1497,Hib3,t,,,,8,2006
1498,HIV/AIDS,t,782.3212400000001,100,,8,2007
1499,ARI,t,0.0,,,8,2007
1500,Diarrhea,t,,,,8,2007
1501,Malaria,t,,,,8,2007
1502,Tuberculosis,t,15646.4248,1.1,,8,2007
1503,Diabetes,f,,,,8,2007
1504,Hypertension,f,29649974.996,,,8,2007
1505,Tobacco use,f,16663442.412,,,8,2007
1506,BCG,t,,,98,8,2007
1507,HepB3,t,,,98,8,2007
1508,Measles,t,,,97,8,2007
1509,Pol3,t,,,98,8,2007
1510,DPT,t,,,98,8,2007
1511,Hib3,t,,,,8,2007
1512,HIV/AIDS,t,796.36081,200,,8,2008
1513,ARI,t,0.0,,,8,2008
1514,Diarrhea,t,,,,8,2008
1515,Malaria,t,,,,8,2008
1516,Tuberculosis,t,15130.85539,1.1,,8,2008
1517,Diabetes,f,,,,8,2008
1518,Hypertension,f,30102438.617999997,,,8,2008
1519,Tobacco use,f,,,,8,2008
1520,BCG,t,,,98,8,2008
1521,HepB3,t,,,97,8,2008
1522,Measles,t,,,92,8,2008
1523,Pol3,t,,,97,8,2008
1524,DPT,t,,,97,8,2008
1525,Hib3,t,,,,8,2008
1526,HIV/AIDS,t,811.3478900000001,200,,8,2009
1527,ARI,t,0.0,,,8,2009
1528,Diarrhea,t,,,,8,2009
1529,Malaria,t,,,,8,2009
1530,Tuberculosis,t,15415.609910000001,0.87,,8,2009
1531,Diabetes,f,,,,8,2009
1532,Hypertension,f,30750085.031,,,8,2009
1533,Tobacco use,f,,,,8,2009
1534,BCG,t,,,98,8,2009
1535,HepB3,t,,,97,8,2009
1536,Measles,t,,,95,8,2009
1537,Pol3,t,,,97,8,2009
1538,DPT,t,,,97,8,2009
1539,Hib3,t,,,,8,2009
1540,HIV/AIDS,t,827.6124400000001,200,,8,2010
1541,ARI,t,0.0,,,8,2010
1542,Diarrhea,t,,,,8,2010
1543,Malaria,t,,,,8,2010
1544,Tuberculosis,t,14897.023920000001,0.72,,8,2010
1545,Diabetes,f,,,,8,2010
1546,Hypertension,f,31366511.476,,,8,2010
1547,Tobacco use,f,17545383.728,,,8,2010
1548,BCG,t,,,98,8,2010
1549,HepB3,t,,,97,8,2010
1550,Measles,t,,,96,8,2010
1551,Pol3,t,,,97,8,2010
1552,DPT,t,,,97,8,2010
1553,Hib3,t,,,,8,2010
1554,HIV/AIDS,t,845.2925100000001,200,,8,2011
1555,ARI,t,0.0,,,8,2011
1556,Diarrhea,t,,,,8,2011
1557,Malaria,t,,,,8,2011
1558,Tuberculosis,t,14369.972670000001,0.86,,8,2011
1559,Diabetes,f,14031855.666000001,,,8,2011
1560,Hypertension,f,32121115.38,,,8,2011
1561,Tobacco use,f,,,,8,2011
1562,BCG,t,,,98,8,2011
1563,HepB3,t,,,96,8,2011
1564,Measles,t,,,96,8,2011
1565,Pol3,t,,,96,8,2011
1566,DPT,t,,,96,8,2011
1567,Hib3,t,,,,8,2011
1568,HIV/AIDS,t,1728.4448000000002,200,,8,2012
1569,ARI,t,0.0,,,8,2012
1570,Diarrhea,t,,,,8,2012
1571,Malaria,t,,,,8,2012
1572,Tuberculosis,t,14691.7808,0.67,,8,2012
1573,Diabetes,f,,,,8,2012
1574,Hypertension,f,32926873.44,,,8,2012
1575,Tobacco use,f,18235092.64,,,8,2012
1576,BCG,t,,,95,8,2012
1577,HepB3,t,,,93,8,2012
1578,Measles,t,,,93,8,2012
1579,Pol3,t,,,93,8,2012
1580,DPT,t,,,93,8,2012
1581,Hib3,t,,,,8,2012
1582,HIV/AIDS,t,1768.0930400000002,500,,8,2013
1583,ARI,t,0.0,,,8,2013
1584,Diarrhea,t,,,,8,2013
1585,Malaria,t,,,,8,2013
1586,Tuberculosis,t,14144.744320000002,0.33,,8,2013
1587,Diabetes,f,,,,8,2013
1588,Hypertension,f,33682172.412,,,8,2013
1589,Tobacco use,f,,,,8,2013
1590,BCG,t,,,98,8,2013
1591,HepB3,t,,,97,8,2013
1592,Measles,t,,,96,8,2013
1593,Pol3,t,,,97,8,2013
1594,DPT,t,,,97,8,2013
1595,Hib3,t,,,,8,2013
1596,HIV/AIDS,t,1808.4933600000002,500,,8,2014
1597,ARI,t,0.0,,,8,2014
1598,Diarrhea,t,,,,8,2014
1599,Malaria,t,,,,8,2014
1600,Tuberculosis,t,13563.7002,0.31,,8,2014
1601,Diabetes,f,,,,8,2014
1602,Hypertension,f,34451798.508,,,8,2014
1603,Tobacco use,f,19260454.283999998,,,8,2014
1604,BCG,t,,,96,8,2014
1605,HepB3,t,,,94,8,2014
1606,Measles,t,,,93,8,2014
1607,Pol3,t,,,94,8,2014
1608,DPT,t,,,94,8,2014
1609,Hib3,t,,,94,8,2014
1610,HIV/AIDS,t,1848.8509800000002,500,,8,2015
1611,ARI,t,0.0,,,8,2015
1612,Diarrhea,t,,,,8,2015
1613,Malaria,t,,,,8,2015
1614,Tuberculosis,t,13866.382349999998,0.43,,8,2015
1615,Diabetes,f,,,,8,2015
1616,Hypertension,f,35220611.169,,,8,2015
1617,Tobacco use,f,,,,8,2015
1618,BCG,t,,,96,8,2015
1619,HepB3,t,,,93,8,2015
1620,Measles,t,,,92,8,2015
1621,Pol3,t,,,93,8,2015
1622,DPT,t,,,93,8,2015
1623,Hib3,t,,,93,8,2015
1624,HIV/AIDS,t,1888.94142,500,,8,2016
1625,ARI,t,0.0,,,8,2016
1626,Diarrhea,t,,,,8,2016
1627,Malaria,t,,,,8,2016
1628,Tuberculosis,t,13222.589939999998,0.43,,8,2016
1629,Diabetes,f,,,,8,2016
1630,Hypertension,f,35984334.051,,,8,2016
1631,Tobacco use,f,20117226.123,,,8,2016
1632,BCG,t,,,96,8,2016
1633,HepB3,t,,,95,8,2016
1634,Measles,t,,,95,8,2016
1635,Pol3,t,,,95,8,2016
1636,DPT,t,,,95,8,2016
1637,Hib3,t,,,95,8,2016
1638,HIV/AIDS,t,2893.2776999999996,500,,8,2017
1639,ARI,t,0.0,,,8,2017
1640,Diarrhea,t,,,,8,2017
1641,Malaria,t,,,,8,2017
1642,Tuberculosis,t,12537.536699999999,0.43,,8,2017
1643,Diabetes,f,,,,8,2017
1644,Hypertension,f,36841069.38,,,8,2017
1645,Tobacco use,f,,,,8,2017
1646,BCG,t,,,86,8,2017
1647,HepB3,t,,,94,8,2017
1648,Measles,t,,,94,8,2017
1649,Pol3,t,,,94,8,2017
1650,DPT,t,,,94,8,2017
1651,Hib3,t,,,94,8,2017
1652,HIV/AIDS,t,2952.70806,500,,8,2018
1653,ARI,t,0.0,,,8,2018
1654,Diarrhea,t,,,,8,2018
1655,Malaria,t,,,,8,2018
1656,Tuberculosis,t,11810.83224,0.43,,8,2018
1657,Diabetes,f,,,,8,2018
1658,Hypertension,f,37597815.964,,,8,2018
1659,Tobacco use,f,21062650.827999998,,,8,2018
1660,BCG,t,,,95,8,2018
1661,HepB3,t,,,95,8,2018
1662,Measles,t,,,94,8,2018
1663,Pol3,t,,,95,8,2018
1664,DPT,t,,,95,8,2018
1665,Hib3,t,,,95,8,2018
1666,HIV/AIDS,t,3011.6422799999996,500,,8,2019
1667,ARI,t,,,,8,2019
1668,Diarrhea,t,,,,8,2019
1669,Malaria,t,,,,8,2019
1670,Tuberculosis,t,12046.56912,0.43,,8,2019
1671,Diabetes,f,,,,8,2019
1672,Hypertension,f,38348245.032,,,8,2019
1673,Tobacco use,f,,,,8,2019
1674,BCG,t,,,96,8,2019
1675,HepB3,t,,,95,8,2019
1676,Measles,t,,,95,8,2019
1677,Pol3,t,,,95,8,2019
1678,DPT,t,,,95,8,2019
1679,Hib3,t,,,95,8,2019
1680,HIV/AIDS,t,160665.38936000003,,,9,2005
1681,ARI,t,260347453.37401465,,,9,2005
1682,Diarrhea,t,,,,9,2005
1683,Malaria,t,,,,9,2005
1684,Tuberculosis,t,3201831.68796,49,,9,2005
1685,Diabetes,f,,,,9,2005
1686,Hypertension,f,362644735.984,,,9,2005
1687,Tobacco use,f,,,,9,2005
1688,BCG,t,,,86,9,2005
1689,HepB3,t,,,8,9,2005
1690,Measles,t,,,68,9,2005
1691,Pol3,t,,,65,9,2005
1692,DPT,t,,,65,9,2005
1693,Hib3,t,,,,9,2005
1694,HIV/AIDS,t,151513.21783,,,9,2006
1695,ARI,t,212488594.4336944,,,9,2006
1696,Diarrhea,t,,,,9,2006
1697,Malaria,t,,,,9,2006
1698,Tuberculosis,t,3193432.4373399997,47,,9,2006
1699,Diabetes,f,,,,9,2006
1700,Hypertension,f,369459154.247,,,9,2006
1701,Tobacco use,f,,,,9,2006
1702,BCG,t,,,86,9,2006
1703,HepB3,t,,,6,9,2006
1704,Measles,t,,,69,9,2006
1705,Pol3,t,,,66,9,2006
1706,DPT,t,,,65,9,2006
1707,Hib3,t,,,,9,2006
1708,HIV/AIDS,t,130153.04181000001,,,9,2007
1709,ARI,t,205220200.45558202,,,9,2007
1710,Diarrhea,t,,,,9,2007
1711,Malaria,t,,,,9,2007
1712,Tuberculosis,t,3171001.38228,46,,9,2007
1713,Diabetes,f,,,,9,2007
1714,Hypertension,f,375077402.307,,,9,2007
1715,Tobacco use,f,455535646.33500004,,,9,2007
1716,BCG,t,,,87,9,2007
1717,HepB3,t,,,6,9,2007
1718,Measles,t,,,70,9,2007
1719,Pol3,t,,,67,9,2007
1720,DPT,t,,,64,9,2007
1721,Hib3,t,,,,9,2007
1722,HIV/AIDS,t,120066.9762,,,9,2008
1723,ARI,t,215251568.30119106,,,9,2008
1724,Diarrhea,t,,,,9,2008
1725,Malaria,t,,,,9,2008
1726,Tuberculosis,t,3133748.07882,44,,9,2008
1727,Diabetes,f,,,,9,2008
1728,Hypertension,f,380612314.554,,,9,2008
1729,Tobacco use,f,,,,9,2008
1730,BCG,t,,,86,9,2008
1731,HepB3,t,,,29,9,2008
1732,Measles,t,,,72,9,2008
1733,Pol3,t,,,69,9,2008
1734,DPT,t,,,70,9,2008
1735,Hib3,t,,,,9,2008
1736,HIV/AIDS,t,109595.35952999999,,,9,2009
1737,ARI,t,221659676.51916796,,,9,2009
1738,Diarrhea,t,,,,9,2009
1739,Malaria,t,,,,9,2009
1740,Tuberculosis,t,3093024.59118,42,,9,2009
1741,Diabetes,f,,,,9,2009
1742,Hypertension,f,386019210.78900003,,,9,2009
1743,Tobacco use,f,,,,9,2009
1744,BCG,t,,,88,9,2009
1745,HepB3,t,,,37,9,2009
1746,Measles,t,,,78,9,2009
1747,Pol3,t,,,73,9,2009
1748,DPT,t,,,74,9,2009
1749,Hib3,t,,,,9,2009
1750,HIV/AIDS,t,98742.49304,,,9,2010
1751,ARI,t,216205175.81314516,,,9,2010
1752,Diarrhea,t,,,,9,2010
1753,Malaria,t,,,,9,2010
1754,Tuberculosis,t,3048674.47261,40,,9,2010
1755,Diabetes,f,,,,9,2010
1756,Hypertension,f,391267128.671,,,9,2010
1757,Tobacco use,f,429529844.724,,,9,2010
1758,BCG,t,,,89,9,2010
1759,HepB3,t,,,38,9,2010
1760,Measles,t,,,82,9,2010
1761,Pol3,t,,,76,9,2010
1762,DPT,t,,,79,9,2010
1763,Hib3,t,,,,9,2010
1764,HIV/AIDS,t,100023.03512000002,,,9,2011
1765,ARI,t,184483716.41537857,,,9,2011
1766,Diarrhea,t,,,,9,2011
1767,Malaria,t,,,,9,2011
1768,Tuberculosis,t,3013193.9329899997,39,,9,2011
1769,Diabetes,f,112525914.50999999,,,9,2011
1770,Hypertension,f,396341276.663,,,9,2011
1771,Tobacco use,f,,,,9,2011
1772,BCG,t,,,90,9,2011
1773,HepB3,t,,,44,9,2011
1774,Measles,t,,,84,9,2011
1775,Pol3,t,,,79,9,2011
1776,DPT,t,,,82,9,2011
1777,Hib3,t,,,,9,2011
1778,HIV/AIDS,t,88604.61701000002,,,9,2012
1779,ARI,t,150046125.94091776,,,9,2012
1780,Diarrhea,t,,,,9,2012
1781,Malaria,t,,,,9,2012
1782,Tuberculosis,t,2961925.76862,37,,9,2012
1783,Diabetes,f,,,,9,2012
1784,Hypertension,f,399986556.788,,,9,2012
1785,Tobacco use,f,412644359.218,,,9,2012
1786,BCG,t,,,90,9,2012
1787,HepB3,t,,,73,9,2012
1788,Measles,t,,,83,9,2012
1789,Pol3,t,,,79,9,2012
1790,DPT,t,,,82,9,2012
1791,Hib3,t,,,,9,2012
1792,HIV/AIDS,t,89658.94833000001,,,9,2013
1793,ARI,t,117292987.27189553,,,9,2013
1794,Diarrhea,t,,,,9,2013
1795,Malaria,t,,,,9,2013
1796,Tuberculosis,t,2920320.03132,36,,9,2013
1797,Diabetes,f,,,,9,2013
1798,Hypertension,f,403465267.485,,,9,2013
1799,Tobacco use,f,,,,9,2013
1800,BCG,t,,,91,9,2013
1801,HepB3,t,,,70,9,2013
1802,Measles,t,,,83,9,2013
1803,Pol3,t,,,82,9,2013
1804,DPT,t,,,83,9,2013
1805,Hib3,t,,,20,9,2013
1806,HIV/AIDS,t,77736.04608,,,9,2014
1807,ARI,t,119188740.57195662,,,9,2014
1808,Diarrhea,t,,,,9,2014
1809,Malaria,t,,,,9,2014
1810,Tuberculosis,t,2889189.71264,35,,9,2014
1811,Diabetes,f,,,,9,2014
1812,Hypertension,f,406818641.152,,,9,2014
1813,Tobacco use,f,396453835.008,,,9,2014
1814,BCG,t,,,89,9,2014
1815,HepB3,t,,,79,9,2014
1816,Measles,t,,,85,9,2014
1817,Pol3,t,,,84,9,2014
1818,DPT,t,,,85,9,2014
1819,Hib3,t,,,20,9,2014
1820,HIV/AIDS,t,78609.14352,,,9,2015
1821,ARI,t,126687517.95556374,,,9,2015
1822,Diarrhea,t,,,,9,2015
1823,Malaria,t,,,,9,2015
1824,Tuberculosis,t,2843030.69064,34,,9,2015
1825,Diabetes,f,,,,9,2015
1826,Hypertension,f,411387851.088,,,9,2015
1827,Tobacco use,f,,,,9,2015
1828,BCG,t,,,87,9,2015
1829,HepB3,t,,,87,9,2015
1830,Measles,t,,,87,9,2015
1831,Pol3,t,,,86,9,2015
1832,DPT,t,,,87,9,2015
1833,Hib3,t,,,45,9,2015
1834,HIV/AIDS,t,66225.8625,,,9,2016
1835,ARI,t,132332108.75460614,,,9,2016
1836,Diarrhea,t,,,,9,2016
1837,Malaria,t,,,,9,2016
1838,Tuberculosis,t,2794731.3975,34,,9,2016
1839,Diabetes,f,,,,9,2016
1840,Hypertension,f,414573899.25,,,9,2016
1841,Tobacco use,f,381460968.00000006,,,9,2016
1842,BCG,t,,,89,9,2016
1843,HepB3,t,,,88,9,2016
1844,Measles,t,,,88,9,2016
1845,Pol3,t,,,86,9,2016
1846,DPT,t,,,88,9,2016
1847,Hib3,t,,,80,9,2016
1848,HIV/AIDS,t,66933.83895,,,9,2017
1849,ARI,t,100037617.74640337,,,9,2017
1850,Diarrhea,t,,,,9,2017
1851,Malaria,t,,,,9,2017
1852,Tuberculosis,t,2730900.62916,33,,9,2017
1853,Diabetes,f,,,,9,2017
1854,Hypertension,f,417667155.048,,,9,2017
1855,Tobacco use,f,,,,9,2017
1856,BCG,t,,,92,9,2017
1857,HepB3,t,,,89,9,2017
1858,Measles,t,,,90,9,2017
1859,Pol3,t,,,89,9,2017
1860,DPT,t,,,89,9,2017
1861,Hib3,t,,,89,9,2017
1862,HIV/AIDS,t,67632.11415000001,,,9,2018
1863,ARI,t,72101680.23602012,,,9,2018
1864,Diarrhea,t,,,,9,2018
1865,Malaria,t,,,,9,2018
1866,Tuberculosis,t,2691758.14317,32,,9,2018
1867,Diabetes,f,,,,9,2018
1868,Hypertension,f,422024392.296,,,9,2018
1869,Tobacco use,f,365213416.41,,,9,2018
1870,BCG,t,,,92,9,2018
1871,HepB3,t,,,90,9,2018
1872,Measles,t,,,93,9,2018
1873,Pol3,t,,,90,9,2018
1874,DPT,t,,,90,9,2018
1875,Hib3,t,,,90,9,2018
1876,HIV/AIDS,t,54656.71024000001,,,9,2019
1877,ARI,t,,,,9,2019
1878,Diarrhea,t,,,,9,2019
1879,Malaria,t,,,,9,2019
1880,Tuberculosis,t,2637186.26908,32,,9,2019
1881,Diabetes,f,,,,9,2019
1882,Hypertension,f,424955922.116,,,9,2019
1883,Tobacco use,f,,,,9,2019
1884,BCG,t,,,92,9,2019
1885,HepB3,t,,,91,9,2019
1886,Measles,t,,,95,9,2019
1887,Pol3,t,,,90,9,2019
1888,DPT,t,,,91,9,2019
1889,Hib3,t,,,91,9,2019
